layer,nivell_1F,sum,pct
_Arees_FOMENT_Gestio,Conreus,19.7168,7.41
_Arees_FOMENT_Gestio,Arbrat dens,229.2469,86.11
_Arees_FOMENT_Gestio,Matollars,12.4302,4.67
_Arees_FOMENT_Gestio,Prats i herbassars,0.1094,0.04
_Arees_FOMENT_Gestio,Arbrat clar,4.7229,1.77
Franges_XPN_FI,Arbrat dens,444.5215,57.66
Franges_XPN_FI,Conreus,74.3577000000001,9.65
Franges_XPN_FI,Matollars,205.1033,26.60
Franges_XPN_FI,Arbrat clar,14.3125,1.86
Franges_XPN_FI,Prats i herbassars,32.3357,4.19
Franges_XPN_FI,Improductiu natural,0.302,0.04
pegs_dins_XPN_FI,Conreus,331.0283,30.13
pegs_dins_XPN_FI,Matollars,159.9997,14.56
pegs_dins_XPN_FI,Arbrat dens,568.2805,51.72
pegs_dins_XPN_FI,Prats i herbassars,17.5373,1.60
pegs_dins_XPN_FI,Arbrat clar,21.5192,1.96
pegs_dins_XPN_FI,Improductiu natural,0.3309,0.03
