layer,coberta_1956,coberta_2020,ha
_Arees_FOMENT_Gestio,Arbrat dens,Arbrat dens,217.4906
_Arees_FOMENT_Gestio,Conreus,Arbrat dens,11.617
_Arees_FOMENT_Gestio,Matollars,Arbrat dens,11.3913
_Arees_FOMENT_Gestio,Arbrat dens,Matollars,8.9415
_Arees_FOMENT_Gestio,Arbrat clar,Arbrat dens,4.5675
_Arees_FOMENT_Gestio,Conreus,Matollars,3.4016
_Arees_FOMENT_Gestio,Conreus,Conreus,3.1708
_Arees_FOMENT_Gestio,Arbrat dens,Arbrat clar,1.1291
_Arees_FOMENT_Gestio,Matollars,Matollars,0.7048
_Arees_FOMENT_Gestio,Conreus,Prats i herbassars,0.5007
_Arees_FOMENT_Gestio,Conreus,Arbrat clar,0.3994
_Arees_FOMENT_Gestio,Arbrat dens,Prats i herbassars,0.3335
_Arees_FOMENT_Gestio,Prats i herbassars,Arbrat dens,0.1092
_Arees_FOMENT_Gestio,Arbrat dens,Conreus,0.1043
_Arees_FOMENT_Gestio,Arbrat clar,Matollars,0.1012
_Arees_FOMENT_Gestio,Matollars,Conreus,0.0226
_Arees_FOMENT_Gestio,Arbrat clar,Arbrat clar,0.0146
Franges_XPN_FI,Arbrat dens,Arbrat dens,389.4669
Franges_XPN_FI,Matollars,Arbrat dens,123.8808
Franges_XPN_FI,Matollars,Matollars,63.8147
Franges_XPN_FI,Conreus,Arbrat dens,40.0581
Franges_XPN_FI,Arbrat dens,Matollars,30.5499
Franges_XPN_FI,Conreus,Matollars,18.5252
Franges_XPN_FI,Prats i herbassars,Matollars,16.5075
Franges_XPN_FI,Arbrat clar,Arbrat dens,11.3852
Franges_XPN_FI,Prats i herbassars,Arbrat dens,9.6106
Franges_XPN_FI,Matollars,Arbrat clar,5.7575
Franges_XPN_FI,Conreus,Arbrat clar,5.7238
Franges_XPN_FI,Arbrat dens,Arbrat clar,4.7727
Franges_XPN_FI,Conreus,Conreus,4.1291
Franges_XPN_FI,Prats i herbassars,Prats i herbassars,3.8212
Franges_XPN_FI,Matollars,Prats i herbassars,3.2807
Franges_XPN_FI,Conreus,Prats i herbassars,2.6133
Franges_XPN_FI,Arbrat clar,Matollars,1.8136
Franges_XPN_FI,Arbrat dens,Prats i herbassars,1.5159
Franges_XPN_FI,Prats i herbassars,Arbrat clar,1.2485
Franges_XPN_FI,Matollars,Improductiu natural,0.9726
Franges_XPN_FI,Arbrat dens,Improductiu natural,0.555
Franges_XPN_FI,Conreus,Improductiu natural,0.397
Franges_XPN_FI,Matollars,Conreus,0.3889
Franges_XPN_FI,Arbrat dens,Conreus,0.3499
Franges_XPN_FI,Prats i herbassars,Improductiu natural,0.2395
Franges_XPN_FI,Improductiu natural,Matollars,0.1745
Franges_XPN_FI,Arbrat clar,Arbrat clar,0.1021
Franges_XPN_FI,Prats i herbassars,Conreus,0.0624
Franges_XPN_FI,Improductiu natural,Improductiu natural,0.0513
Franges_XPN_FI,Improductiu natural,Arbrat dens,0.0495
Franges_XPN_FI,Improductiu natural,Prats i herbassars,0.0165
Franges_XPN_FI,Arbrat clar,Conreus,0.0068
Franges_XPN_FI,Arbrat clar,Prats i herbassars,0.0005
pegs_dins_XPN_FI,Arbrat dens,Arbrat dens,469.6316
pegs_dins_XPN_FI,Conreus,Conreus,158.4311
pegs_dins_XPN_FI,Matollars,Arbrat dens,87.7125
pegs_dins_XPN_FI,Conreus,Arbrat dens,66.1666
pegs_dins_XPN_FI,Matollars,Matollars,46.3445
pegs_dins_XPN_FI,Conreus,Matollars,45.675
pegs_dins_XPN_FI,Arbrat dens,Matollars,41.9431
pegs_dins_XPN_FI,Conreus,Prats i herbassars,15.632
pegs_dins_XPN_FI,Arbrat clar,Arbrat dens,14.1334
pegs_dins_XPN_FI,Conreus,Arbrat clar,13.6818
pegs_dins_XPN_FI,Arbrat dens,Arbrat clar,11.5234
pegs_dins_XPN_FI,Arbrat dens,Conreus,7.5958
pegs_dins_XPN_FI,Prats i herbassars,Matollars,6.6324
pegs_dins_XPN_FI,Matollars,Arbrat clar,6.5495
pegs_dins_XPN_FI,Prats i herbassars,Arbrat dens,6.3726
pegs_dins_XPN_FI,Matollars,Conreus,4.8158
pegs_dins_XPN_FI,Arbrat clar,Matollars,2.7981
pegs_dins_XPN_FI,Conreus,Improductiu natural,2.7753
pegs_dins_XPN_FI,Arbrat dens,Prats i herbassars,2.7702
pegs_dins_XPN_FI,Matollars,Prats i herbassars,2.506
pegs_dins_XPN_FI,Matollars,Improductiu natural,1.7173
pegs_dins_XPN_FI,Arbrat clar,Arbrat clar,1.6115
pegs_dins_XPN_FI,Prats i herbassars,Arbrat clar,1.5276
pegs_dins_XPN_FI,Arbrat dens,Improductiu natural,1.4496
pegs_dins_XPN_FI,Prats i herbassars,Prats i herbassars,0.4248
pegs_dins_XPN_FI,Prats i herbassars,Improductiu natural,0.4008
pegs_dins_XPN_FI,Prats i herbassars,Conreus,0.3098
pegs_dins_XPN_FI,Arbrat clar,Conreus,0.1303
pegs_dins_XPN_FI,Improductiu natural,Arbrat dens,0.1019
pegs_dins_XPN_FI,Arbrat clar,Improductiu natural,0.0533
pegs_dins_XPN_FI,Improductiu natural,Matollars,0.0156
pegs_dins_XPN_FI,Improductiu natural,Improductiu natural,0.0141
pegs_dins_XPN_FI,Improductiu natural,Prats i herbassars,0.0073
pegs_dins_XPN_FI,Arbrat clar,Prats i herbassars,0.0047
