layer,corine_ca,sum,pct
_Arees_FOMENT_Gestio,"Pinedes de pi blanc (Pinus halepensis), amb sotabosc de màquies o garrigues d'alzinar o de carrascar",155.3585,57.94
_Arees_FOMENT_Gestio,"Prats o poblaments de Plantago albicans, de sòls argilosos secs de terra baixa",0.0005,0.00
_Arees_FOMENT_Gestio,"Conreus herbacis intensius (hortalisses, flors...), disposats en mosaic, sense vegetació natural intercalada",1.3727,0.51
_Arees_FOMENT_Gestio,"Alzinars amb roures (Quercus faginea, Q. pubescens...), de terra baixa i de l'estatge submontà",19.1225,7.13
_Arees_FOMENT_Gestio,"Arbredes i matollars d'espècies exòtiques (Ailanthus, Broussonetia, Celtis, Retama sphaerocarpa,…)",0.5633,0.21
_Arees_FOMENT_Gestio,"Alzinars de terra baixa, catalanooccitans",23.3879,8.72
_Arees_FOMENT_Gestio,Alzinars amb pins (Pinus spp.) de terra baixa,7.346,2.74
_Arees_FOMENT_Gestio,Camps d'oliveres (Olea europaea subsp. europaea),0.0915,0.03
_Arees_FOMENT_Gestio,"Màquies d'alzina (Quercus ilex), calcícoles, de terra baixa i de la muntanya mediterrània",1.0546,0.39
_Arees_FOMENT_Gestio,"Bardisses amb roldor (Coriaria myrtifolia), esbarzer (Rubus ulmifolius)..., de terra baixa (i de l'estatge montà)",7.0758,2.64
_Arees_FOMENT_Gestio,"Màquies d'alzina (Quercus ilex), acidòfiles, de terra baixa i de la muntanya mediterrània",19.829,7.40
_Arees_FOMENT_Gestio,"Arboçars (formacions d'Arbutus unedo) i altres bosquines silicícoles, de les contrades mediterrànies occidentals",0.3981,0.15
_Arees_FOMENT_Gestio,"Conreus herbacis extensius de secà, de terra baixa",1.9619,0.73
_Arees_FOMENT_Gestio,"Màquies amb barreja d'alzina (Quercus ilex) i roures (Quercus spp.), de les terres mediterrànies",8.1468,3.04
_Arees_FOMENT_Gestio,Omedes de terra baixa,0.7801,0.29
_Arees_FOMENT_Gestio,"Herbassars amb cua de cavall (Equisetum telmateia) i càrexs (Carex pendula, C. remota)..., de fons de còrrecs i sòls xops, al territori catalanídic septentrional i central",0.0056,0.00
_Arees_FOMENT_Gestio,"Urbanitzacions, àrees residencials i edificacions aïllades",2.1711,0.81
_Arees_FOMENT_Gestio,Plantacions de plàtans (Platanus orientalis var. acerifolia) i d'altres arbres planifolis de sòls humits,0.5649,0.21
_Arees_FOMENT_Gestio,Comunitats ruderals de terra baixa,1.0548,0.39
_Arees_FOMENT_Gestio,Plantacions de pollancres (Populus spp.),0.4371,0.16
_Arees_FOMENT_Gestio,Vies i nusos de comunicacions i altres espais oberts,0.0881,0.03
_Arees_FOMENT_Gestio,"Pinedes de pi pinyer (Pinus pinea), sovint amb sotabosc de brolles o de bosquines acidòfiles, de la terra baixa catalana",0.5764,0.21
_Arees_FOMENT_Gestio,"Pinedes de pi blanc (Pinus halepensis), amb sotabosc de brolles silicícoles, de terra baixa",10.2858,3.84
_Arees_FOMENT_Gestio,"Bruguerars dominats per bruc boal (Erica arborea), silicícoles, dels costers i dels sòls secs de les contrades mediterrànies marítimes",1.0531,0.39
_Arees_FOMENT_Gestio,"Canyars (d'Arundo donax), de vores d'aigua",0.1485,0.06
_Arees_FOMENT_Gestio,"Prats de teròfits, calcícoles, de terra baixa, a la Mediterrània occidental",0.0002,0.00
_Arees_FOMENT_Gestio,"Pinedes de pi blanc (Pinus halepensis), amb sotabosc de brolles calcícoles, de les contrades marítimes",0.0995,0.04
_Arees_FOMENT_Gestio,"Garrigues dominades per llentiscle (Pistacia lentiscus), de les contrades mediterrànies càlides",0.3664,0.14
_Arees_FOMENT_Gestio,"Ginestars de ginesta vera (Spartium junceum), de les contrades mediterrànies (sobretot les marítimes)",0.2654,0.10
_Arees_FOMENT_Gestio,"Estepars dominats per estepa blanca (Cistus albidus), calcícoles, de terra baixa",0.2903,0.11
_Arees_FOMENT_Gestio,Conreus abandonats,0.2618,0.10
Franges_XPN_FI,"Pinedes de pi blanc (Pinus halepensis), amb sotabosc de màquies o garrigues d'alzinar o de carrascar",223.9337,27.82
Franges_XPN_FI,"Pinedes de pi pinyer (Pinus pinea), sovint amb sotabosc de brolles o de bosquines acidòfiles, de la terra baixa catalana",75.8235,9.42
Franges_XPN_FI,"Pinedes de pi blanc (Pinus halepensis), sense sotabosc llenyós",44.1704,5.49
_Arees_FOMENT_Gestio,"Vernedes (de vegades pollancredes) amb ortiga morta (Lamium flexuosum), de la terra baixa plujosa i de l'estatge submontà",1.2242,0.46
_Arees_FOMENT_Gestio,"Boscos de roures (Quercus pubescens, Q. x cerrioides), sovint amb alzines (Q. ilex), de terra baixa",1.0965,0.41
_Arees_FOMENT_Gestio,"Creixenars i comunitats anàlogues (amb Glyceria spp...), de fonts i vores de rierols",0.0005,0.00
_Arees_FOMENT_Gestio,"Falgars (poblaments de Pteridium aquilinum), xeromesòfils, de la muntanya mitjana (i de terra baixa)",0.0036,0.00
_Arees_FOMENT_Gestio,"Saücars (bosquines de Sambucus nigra), amb vidalba (Clematis vitalba), esbarzer (Rubus ulmifolius)..., higròfils i subnitròfils, lligats sobretot als boscos de ribera",0.005,0.00
_Arees_FOMENT_Gestio,"Gatelledes (boscos, generalment baixos, de Salix atrocinerea), amb Equisetum telmateia, Carex pendula..., de fons de barrancs i depressions, amb sòl xop, al territori catalanídic",0.005,0.00
_Arees_FOMENT_Gestio,"Avellanoses (bosquines de Corylus avellana), amb Polystichum setiferum..., mesohigròfiles, dels barrancs i fondals molt ombrívols de terra baixa (i de l'estatge submontà)",0.0099,0.00
Franges_XPN_FI,"Alzinars amb roures (Quercus faginea, Q. pubescens...), de terra baixa i de l'estatge submontà",42.7785,5.31
Franges_XPN_FI,"Boscos de roures (Quercus pubescens, Q. x cerrioides), sovint amb alzines (Q. ilex), de terra baixa",2.4299,0.30
Franges_XPN_FI,"Màquies d'alzina (Quercus ilex), acidòfiles, de terra baixa i de la muntanya mediterrània",79.8680000000001,9.92
Franges_XPN_FI,"Urbanitzacions, àrees residencials i edificacions aïllades",29.003,3.60
Franges_XPN_FI,Suredes amb sotabosc clarament forestal,0.1773,0.02
_Arees_FOMENT_Gestio,"Pinedes de pi blanc (Pinus halepensis), sense sotabosc llenyós",1.623,0.61
Franges_XPN_FI,"Saücars (bosquines de Sambucus nigra), amb vidalba (Clematis vitalba), esbarzer (Rubus ulmifolius)..., higròfils i subnitròfils, lligats sobretot als boscos de ribera",0.0116,0.00
Franges_XPN_FI,"Arbredes i matollars d'espècies exòtiques (Ailanthus, Broussonetia, Celtis, Retama sphaerocarpa,…)",9.6765,1.20
Franges_XPN_FI,"Arboçars (formacions d'Arbutus unedo) i altres bosquines silicícoles, de les contrades mediterrànies occidentals",37.3161,4.64
Franges_XPN_FI,"Bardisses amb roldor (Coriaria myrtifolia), esbarzer (Rubus ulmifolius)..., de terra baixa (i de l'estatge montà)",32.9196,4.09
Franges_XPN_FI,"Conreus herbacis intensius (hortalisses, flors...), disposats en mosaic, sense vegetació natural intercalada",4.858,0.60
Franges_XPN_FI,"Llistonars (prats secs de Brachypodium retusum), amb teròfits, silicícoles, de terra baixa",2.5456,0.32
Franges_XPN_FI,"Ginestars de ginesta vera (Spartium junceum), de les contrades mediterrànies (sobretot les marítimes)",41.2579,5.13
Franges_XPN_FI,Aigües dolces estagnants eutròfiques,0.1025,0.01
Franges_XPN_FI,Comunitats ruderals de terra baixa,13.6288,1.69
Franges_XPN_FI,Vies i nusos de comunicacions i altres espais oberts,0.2213,0.03
Franges_XPN_FI,Alzinars amb pins (Pinus spp.) de terra baixa,27.3991,3.40
Franges_XPN_FI,"Màquies amb barreja d'alzina (Quercus ilex) i roures (Quercus spp.), de les terres mediterrànies",11.1113,1.38
Franges_XPN_FI,"Garrigues de coscoll (Quercus coccifera), sense plantes termòfiles o gairebé",10.6481,1.32
Franges_XPN_FI,"Bruguerars dominats per bruc boal (Erica arborea), silicícoles, dels costers i dels sòls secs de les contrades mediterrànies marítimes",11.3932,1.42
Franges_XPN_FI,"Brolles dominades per argelaga negra (Calicotome spinosa), silicícoles, de les contrades mediterrànies marítimes",1.0833,0.13
Franges_XPN_FI,"Prats sabanoides d'albellatge (Hyparrhenia hirta), de vessants solells de les contrades marítimes",26.496,3.29
Franges_XPN_FI,Vinyes en cordó,1.9805,0.25
Franges_XPN_FI,"Alzinars de terra baixa, catalanooccitans",27.1016,3.37
Franges_XPN_FI,"Pinedes de pi blanc (Pinus halepensis), amb sotabosc de brolles silicícoles, de terra baixa",10.0947,1.25
Franges_XPN_FI,"Pradells de teròfits (Helianthemum guttatum, Tolpis barbata, Crassula tillaea, Silene gallica, Aira cupaniana...), sovint amb Sedum spp. (crespinells), silicícoles, de terra baixa",0.0019,0.00
Franges_XPN_FI,"Bosquines dominades per matabou (Bupleurum fruticosum), sovint fent el mantell marginal d'alzinars, de terra baixa",0.2286,0.03
Franges_XPN_FI,"Prats oberts amb dominància de ripoll (Oryzopsis miliacea), dels camps abandonats, terres remogudes..., de terra baixa",1.8989,0.24
Franges_XPN_FI,Omedes de terra baixa,0.8939,0.11
Franges_XPN_FI,Plantacions i formacions subspontànies de Robinia pseudoacacia,0.8528,0.11
Franges_XPN_FI,Ciutats grans,0.7963,0.10
Franges_XPN_FI,"Canyars (d'Arundo donax), de vores d'aigua",0.6823,0.08
Franges_XPN_FI,Altres boscos mixtos de coníferes,0.2816,0.03
Franges_XPN_FI,Bosquines de pi blanc (Pinus halepensis) procedents de colonització,0.3817,0.05
Franges_XPN_FI,Àrees industrials actives,0.7307,0.09
Franges_XPN_FI,"Jonqueres de jonc boval (Scirpus holoschoenus) i herbassars graminoides, higròfils, de terra baixa (i de la muntanya mitjana)",0.0019,0.00
Franges_XPN_FI,Àrees forestals sotmeses a tallada intensa (< 30 % de recobriment arbori),5.094,0.63
Franges_XPN_FI,"Prats subnitròfils de teròfits (o cardassars), amb Aegilops geniculata (traiguera), Bromus rubens, Medicago rigidula, Carthamus lanatus..., de terra baixa",0.8944,0.11
Franges_XPN_FI,Plantacions de cedres (Cedrus spp.) i d'altres pinàcies no europees (excepte pins),0.8478,0.11
Franges_XPN_FI,"Vernedes (de vegades pollancredes) amb ortiga morta (Lamium flexuosum), de la terra baixa plujosa i de l'estatge submontà",0.2491,0.03
Franges_XPN_FI,"Avellanoses (bosquines de Corylus avellana), amb Polystichum setiferum..., mesohigròfiles, dels barrancs i fondals molt ombrívols de terra baixa (i de l'estatge submontà)",0.2152,0.03
Franges_XPN_FI,"Màquies d'alzina (Quercus ilex), calcícoles, de terra baixa i de la muntanya mediterrània",9.1374,1.14
Franges_XPN_FI,"Conreus herbacis extensius de secà, de terra baixa",1.1152,0.14
Franges_XPN_FI,"Fenassars (prats de Brachypodium phoenicoides), amb Euphorbia serrata, Galium lucidum (espunyidella blanca)..., xeromesòfils, de sòls profunds de terra baixa i de la baixa muntanya mediterrània",0.6031,0.07
Franges_XPN_FI,Conreus abandonats,0.7568,0.09
Franges_XPN_FI,"Màquies de llentiscle (Pistacia lentiscus), de terra baixa",0.0552,0.01
Franges_XPN_FI,Màquies amb llor (Laurus nobilis),0.0086,0.00
Franges_XPN_FI,"Llistonars (prats secs de Brachypodium retusum) amb teròfits, calcícoles, de terra baixa",0.0337,0.00
Franges_XPN_FI,"Garrigues dominades per llentiscle (Pistacia lentiscus), de les contrades mediterrànies càlides",0.8415,0.10
Franges_XPN_FI,"Estepars dominats per estepa blanca (Cistus albidus), calcícoles, de terra baixa",0.002,0.00
Franges_XPN_FI,"Brolles dominades per romaní (Rosmarinus officinalis), calcícoles, de terra baixa",1.1269,0.14
Franges_XPN_FI,"Pinedes de pi blanc (Pinus halepensis), amb sotabosc de brolles calcícoles, de les contrades marítimes",0.5678,0.07
Franges_XPN_FI,"Prats o poblaments de Plantago albicans, de sòls argilosos secs de terra baixa",0.0005,0.00
Franges_XPN_FI,Plantacions de xiprers (Cupressus sempervirens) i d'altres cupressàcies europees,0.4458,0.06
Franges_XPN_FI,"Matollars dominats per ginestó (Osyris alba), de les contrades mediterrànies càlides",0.0009,0.00
Franges_XPN_FI,Plantacions de plàtans (Platanus orientalis var. acerifolia) i d'altres arbres planifolis de sòls humits,0.7076,0.09
Franges_XPN_FI,Pedreres,0.1127,0.01
Franges_XPN_FI,Màquies o garrigues amb pins blancs (Pinus halepensis) esparsos,2.8207,0.35
Franges_XPN_FI,"Brolles dominades per gatosa (Ulex parviflorus), calcícoles, de les contrades mediterrànies",0.4746,0.06
Franges_XPN_FI,Plantacions de pollancres (Populus spp.),0.5015,0.06
Franges_XPN_FI,Camps d'oliveres (Olea europaea subsp. europaea),0.231,0.03
Franges_XPN_FI,"Estepars dominats per estepa negra (Cistus monspeliensis), silicícoles, de les contrades mediterrànies marítimes",0.3377,0.04
Franges_XPN_FI,"Brolles amb abundància d'altres lleguminoses (Genista triflora, Genista monspessulana, Ulex parviflorus), silicícoles, de les contrades mediterrànies marítimes",0.0929,0.01
Franges_XPN_FI,"Brolles dominades per ginestell (Sarothamnus catalaunicus), silicícoles, de les contrades marítimes plujoses, als territoris ruscínic i catalanídic septentrional",0.005,0.00
Franges_XPN_FI,"Fruiterars alts, principalment de regadiu, sobretot conreus de pomeres (Pyrus malus), de presseguers (Prunus persica), de pereres (Pyrus communis) i d'altres rosàcies",0.4517,0.06
Franges_XPN_FI,Camps d'ametllers (Prunus dulcis),0.1597,0.02
Franges_XPN_FI,"Pinedes de pinastre (Pinus pinaster), o repoblacions, sense sotabosc llenyós",1.2809,0.16
Franges_XPN_FI,Gespes dins de grans parcs o jardins,0.0318,0.00
Franges_XPN_FI,"Roques silícies, càlides i seques (amb Cheilanthes tinaei), de les contrades mediterrànies",0.0001,0.00
Franges_XPN_FI,"Àrees revegetades: mines a cel obert, pistes d'esquí, ...",0.0828,0.01
Franges_XPN_FI,Hivernacles i altres instal·lacions agrícoles,0.2409,0.03
Franges_XPN_FI,"Estepars de Cistus crispus, silicícoles i xeròfils, de les contrades mediterrànies marítimes",0.0015,0.00
Franges_XPN_FI,"Estepars dominats per estepa borrera (Cistus salviifolius), silicícoles, de les contrades mediterrànies marítimes",0.0015,0.00
Franges_XPN_FI,"Freixenedes de Fraxinus angustifolia, de terra baixa",0.0017,0.00
pegs_dins_XPN_FI,"Màquies d'alzina (Quercus ilex), acidòfiles, de terra baixa i de la muntanya mediterrània",93.5278,8.17
pegs_dins_XPN_FI,"Pinedes de pi pinyer (Pinus pinea), sovint amb sotabosc de brolles o de bosquines acidòfiles, de la terra baixa catalana",27.8061,2.43
pegs_dins_XPN_FI,"Conreus herbacis intensius (hortalisses, flors...), disposats en mosaic, sense vegetació natural intercalada",30.2761,2.64
Franges_XPN_FI,"Creixenars i comunitats anàlogues (amb Glyceria spp...), de fonts i vores de rierols",0.0001,0.00
pegs_dins_XPN_FI,"Garrigues dominades per llentiscle (Pistacia lentiscus), de les contrades mediterrànies càlides",6.8379,0.60
pegs_dins_XPN_FI,"Brolles dominades per romaní (Rosmarinus officinalis), calcícoles, de terra baixa",4.3681,0.38
pegs_dins_XPN_FI,"Pinedes de pi blanc (Pinus halepensis), sense sotabosc llenyós",7.4268,0.65
pegs_dins_XPN_FI,"Conreus herbacis extensius de secà, de terra baixa",56.9612,4.97
pegs_dins_XPN_FI,Sorreres i extraccions d'argiles,0.6419,0.06
pegs_dins_XPN_FI,Conreus abandonats,30.6581,2.68
pegs_dins_XPN_FI,"Fruiterars alts, principalment de regadiu, sobretot conreus de pomeres (Pyrus malus), de presseguers (Prunus persica), de pereres (Pyrus communis) i d'altres rosàcies",16.5557,1.45
pegs_dins_XPN_FI,Camps d'oliveres (Olea europaea subsp. europaea),24.8245,2.17
pegs_dins_XPN_FI,Camps d'ametllers (Prunus dulcis),3.806,0.33
pegs_dins_XPN_FI,Vinyes en cordó,4.8604,0.42
pegs_dins_XPN_FI,"Pinedes de pi blanc (Pinus halepensis), amb sotabosc de màquies o garrigues d'alzinar o de carrascar",347.6098,30.35
pegs_dins_XPN_FI,"Alzinars amb roures (Quercus faginea, Q. pubescens...), de terra baixa i de l'estatge submontà",59.8828,5.23
pegs_dins_XPN_FI,"Bardisses amb roldor (Coriaria myrtifolia), esbarzer (Rubus ulmifolius)..., de terra baixa (i de l'estatge montà)",33.0229,2.88
pegs_dins_XPN_FI,"Arboçars (formacions d'Arbutus unedo) i altres bosquines silicícoles, de les contrades mediterrànies occidentals",34.7319,3.03
pegs_dins_XPN_FI,"Ginestars de ginesta vera (Spartium junceum), de les contrades mediterrànies (sobretot les marítimes)",10.7173,0.94
pegs_dins_XPN_FI,"Prats sabanoides d'albellatge (Hyparrhenia hirta), de vessants solells de les contrades marítimes",8.9993,0.79
pegs_dins_XPN_FI,"Alzinars de terra baixa, catalanooccitans",37.2107,3.25
pegs_dins_XPN_FI,"Llistonars (prats secs de Brachypodium retusum), amb teròfits, silicícoles, de terra baixa",0.4036,0.04
pegs_dins_XPN_FI,"Brolles amb abundància d'altres lleguminoses (Genista triflora, Genista monspessulana, Ulex parviflorus), silicícoles, de les contrades mediterrànies marítimes",0.0906,0.01
pegs_dins_XPN_FI,"Urbanitzacions, àrees residencials i edificacions aïllades",55.0633,4.81
pegs_dins_XPN_FI,"Arbredes i matollars d'espècies exòtiques (Ailanthus, Broussonetia, Celtis, Retama sphaerocarpa,…)",8.2592,0.72
pegs_dins_XPN_FI,Alzinars amb pins (Pinus spp.) de terra baixa,56.112,4.90
pegs_dins_XPN_FI,Omedes de terra baixa,0.9182,0.08
pegs_dins_XPN_FI,Comunitats ruderals de terra baixa,32.8923,2.87
pegs_dins_XPN_FI,"Canyars (d'Arundo donax), de vores d'aigua",6.6772,0.58
Franges_XPN_FI,Conreus de cítrics,0.6784,0.08
pegs_dins_XPN_FI,"Prats subnitròfils de teròfits (o cardassars), amb Aegilops geniculata (traiguera), Bromus rubens, Medicago rigidula, Carthamus lanatus..., de terra baixa",2.3243,0.20
pegs_dins_XPN_FI,Vivers de plantes llenyoses,0.0104,0.00
pegs_dins_XPN_FI,"Basses d'aigua dolça industrials, agrícoles..., grans canals i estanys ornamentals",0.1869,0.02
pegs_dins_XPN_FI,"Màquies d'alzina (Quercus ilex), calcícoles, de terra baixa i de la muntanya mediterrània",32.1949,2.81
pegs_dins_XPN_FI,Gespes dins de grans parcs o jardins,0.0191,0.00
pegs_dins_XPN_FI,"Pinedes de pi blanc (Pinus halepensis), amb sotabosc de brolles calcícoles, de les contrades marítimes",1.6893,0.15
pegs_dins_XPN_FI,"Màquies amb barreja d'alzina (Quercus ilex) i roures (Quercus spp.), de les terres mediterrànies",16.2797,1.42
pegs_dins_XPN_FI,"Vernedes (de vegades pollancredes) amb ortiga morta (Lamium flexuosum), de la terra baixa plujosa i de l'estatge submontà",3.0821,0.27
pegs_dins_XPN_FI,Plantacions de plàtans (Platanus orientalis var. acerifolia) i d'altres arbres planifolis de sòls humits,2.4946,0.22
pegs_dins_XPN_FI,"Garrigues de coscoll (Quercus coccifera), sense plantes termòfiles o gairebé",15.5837,1.36
pegs_dins_XPN_FI,Pedreres,5.5231,0.48
pegs_dins_XPN_FI,"Àrees revegetades: mines a cel obert, pistes d'esquí, ...",0.3257,0.03
pegs_dins_XPN_FI,"Prats de teròfits, calcícoles, de terra baixa, a la Mediterrània occidental",0.001,0.00
pegs_dins_XPN_FI,"Prats o poblaments de Plantago albicans, de sòls argilosos secs de terra baixa",0.0014,0.00
pegs_dins_XPN_FI,"Matollars d'olivarda (Inula viscosa), dels camps abandonats, llits de rambles i rieres, terres remogudes..., de terra baixa",2.0769,0.18
pegs_dins_XPN_FI,Ciutats grans,0.0802,0.01
pegs_dins_XPN_FI,Àrees industrials actives,4.3273,0.38
pegs_dins_XPN_FI,Àrees forestals sotmeses a tallada intensa (< 30 % de recobriment arbori),1.2554,0.11
pegs_dins_XPN_FI,"Fenassars (prats de Brachypodium phoenicoides), amb Euphorbia serrata, Galium lucidum (espunyidella blanca)..., xeromesòfils, de sòls profunds de terra baixa i de la baixa muntanya mediterrània",0.6545,0.06
pegs_dins_XPN_FI,"Alberedes (i pollancredes) amb vinca (Vinca difformis), de la terra baixa (i de la muntanya mitjana)",0.2428,0.02
pegs_dins_XPN_FI,"Falgars (poblaments de Pteridium aquilinum), xeromesòfils, de la muntanya mitjana (i de terra baixa)",0.0133,0.00
pegs_dins_XPN_FI,"Saücars (bosquines de Sambucus nigra), amb vidalba (Clematis vitalba), esbarzer (Rubus ulmifolius)..., higròfils i subnitròfils, lligats sobretot als boscos de ribera",0.0145,0.00
pegs_dins_XPN_FI,"Llistonars (prats secs de Brachypodium retusum) amb teròfits, calcícoles, de terra baixa",0.0395,0.00
pegs_dins_XPN_FI,"Boscos de roures (Quercus pubescens, Q. x cerrioides), sovint amb alzines (Q. ilex), de terra baixa",2.3308,0.20
pegs_dins_XPN_FI,Vies i nusos de comunicacions i altres espais oberts,7.7538,0.68
pegs_dins_XPN_FI,"Pinedes de pi blanc (Pinus halepensis), amb sotabosc de brolles silicícoles, de terra baixa",0.9675,0.08
pegs_dins_XPN_FI,"Freixenedes de Fraxinus angustifolia, de terra baixa",0.1113,0.01
pegs_dins_XPN_FI,"Matollars dominats per ginestó (Osyris alba), de les contrades mediterrànies càlides",0.001,0.00
pegs_dins_XPN_FI,Aigües dolces estagnants eutròfiques,0.3665,0.03
pegs_dins_XPN_FI,"Bruguerars dominats per bruc boal (Erica arborea), silicícoles, dels costers i dels sòls secs de les contrades mediterrànies marítimes",11.7567,1.03
pegs_dins_XPN_FI,Suredes amb sotabosc clarament forestal,0.4512,0.04
pegs_dins_XPN_FI,Conreus de cítrics,1.7894,0.16
pegs_dins_XPN_FI,Plantacions de pollancres (Populus spp.),29.0797,2.54
pegs_dins_XPN_FI,"Brolles dominades per argelaga negra (Calicotome spinosa), silicícoles, de les contrades mediterrànies marítimes",0.005,0.00
pegs_dins_XPN_FI,"Creixenars i comunitats anàlogues (amb Glyceria spp...), de fonts i vores de rierols",0.0027,0.00
pegs_dins_XPN_FI,"Avellanoses (bosquines de Corylus avellana), amb Polystichum setiferum..., mesohigròfiles, dels barrancs i fondals molt ombrívols de terra baixa (i de l'estatge submontà)",0.0259,0.00
pegs_dins_XPN_FI,"Roques calcàries humides i degotalls, amb falzia (Adiantum capillus-veneris), de les contrades mediterrànies",0.0005,0.00
pegs_dins_XPN_FI,Plantacions de cedres (Cedrus spp.) i d'altres pinàcies no europees (excepte pins),0.0423,0.00
pegs_dins_XPN_FI,"Brolles dominades per foixarda (Globularia alypum), calcícoles, de terra baixa",0.0015,0.00
pegs_dins_XPN_FI,"Brolles dominades per gatosa (Ulex parviflorus), calcícoles, de les contrades mediterrànies",0.0779,0.01
pegs_dins_XPN_FI,Hivernacles i altres instal·lacions agrícoles,0.8714,0.08
